Pos,MNase
-1000,1.007327771272623
-999,1.0094521176939673
-998,1.006945782924412
-997,1.0075783850484776
-996,1.011506916713673
-995,1.0146913241798636
-994,1.0165899705004326
-993,1.018970294291741
-992,1.0212942685004176
-991,1.026867649264547
-990,1.0272457663856163
-989,1.0275864207510192
-988,1.029436789121729
-987,1.033303317925512
-986,1.0380445317083475
-985,1.0416296387816772
-984,1.0441898434045034
-983,1.0484446511419434
-982,1.0513369865280568
-981,1.0542441200059713
-980,1.0589254920844182
-979,1.063125193689738
-978,1.0647442816523787
-977,1.0670525439852323
-976,1.0703585331190497
-975,1.0732675297022778
-974,1.0746838995294283
-973,1.08154775347862
-972,1.0846990860851102
-971,1.0852726651232973
-970,1.089083000049159
-969,1.0940014943958905
-968,1.098441423230143
-967,1.0989167710543644
-966,1.1014317866328383
-965,1.1010181013392544
-964,1.1059597228089306
-963,1.109460575466324
-962,1.111547826594378
-961,1.1128953926465988
-960,1.1138266432550579
-959,1.1138347035839726
-958,1.1139857658594203
-957,1.1177060265999734
-956,1.120044823524576
-955,1.118410586110939
-954,1.1199640729031346
-953,1.1223298921421176
-952,1.1220058932671308
-951,1.1208588674147657
-950,1.1183681109757815
-949,1.114593303076544
-948,1.1123019712952205
-947,1.1119462258075787
-946,1.1120632492606
-945,1.1102454708374585
-944,1.1103178980056263
-943,1.1063186739010358
-942,1.103281063312469
-941,1.1016251227219265
-940,1.0982817560356495
-939,1.0956856385590983
-938,1.093761582065617
-937,1.0934300533410355
-936,1.0917891272572906
-935,1.0880822606931262
-934,1.0872786600816238
-933,1.082209109000082
-932,1.0778580567431384
-931,1.0737934048080215
-930,1.071709138012353
-929,1.0717624405213995
-928,1.0691490750235344
-927,1.068083808664003
-926,1.0682657856373075
-925,1.0683341236563668
-924,1.0666213218383824
-923,1.0638203306087102
-922,1.062165262643773
-921,1.0613656618620564
-920,1.0564464063279266
-919,1.0562835349079864
-918,1.055733989669848
-917,1.0523375032878959
-916,1.045388007824122
-915,1.0417271174502347
-914,1.0393769231883252
-913,1.0359626298253475
-912,1.033413832721749
-911,1.0281060798611894
-910,1.0242817820300487
-909,1.0223979685266766
-908,1.0169405264761415
-907,1.0182167632075236
-906,1.0146246132538976
-905,1.0064231942914168
-904,1.0012337458626104
-903,0.9973684154118926
-902,0.9932344611138546
-901,0.9879534666479557
-900,0.9810536877181503
-899,0.9784228541290901
-898,0.9736075309759433
-897,0.9707614872606601
-896,0.9696767714151495
-895,0.9683983033670391
-894,0.9643703755567776
-893,0.9620299807901698
-892,0.9601271786110526
-891,0.9556430236882224
-890,0.9546394354840885
-889,0.9515005778804403
-888,0.9468987311870157
-887,0.9459449302376909
-886,0.9401362991217054
-885,0.9377606392073663
-884,0.9366246199551129
-883,0.9323352015304242
-882,0.9288282461030828
-881,0.9269594735538084
-880,0.9235235073322674
-879,0.9231620937452749
-878,0.9216866405620756
-877,0.9192877915678713
-876,0.9142058440392169
-875,0.9121200827603022
-874,0.9105033580535572
-873,0.9118051888151716
-872,0.9102195943490649
-871,0.909876857287813
-870,0.9124642459662026
-869,0.9123007046179582
-868,0.9126017389900758
-867,0.9107372383029965
-866,0.9096296876762208
-865,0.9111296644197353
-864,0.9130895950225364
-863,0.9133806383935295
-862,0.9143234304168398
-861,0.9145272541457496
-860,0.9165625112726183
-859,0.9197039630637326
-858,0.9210297484220883
-857,0.9230246767201151
-856,0.925969790044945
-855,0.9285814073796865
-854,0.9296770179273712
-853,0.9330703547866379
-852,0.9341433785036424
-851,0.93783184288582
-850,0.9413077360153644
-849,0.9427087064662568
-848,0.9443673453914952
-847,0.947313220275523
-846,0.9534264164571467
-845,0.9575217292833175
-844,0.9614835761127591
-843,0.9623885035076328
-842,0.9659879215659972
-841,0.9703934210148963
-840,0.9756866761180207
-839,0.9785043063528667
-838,0.98256433499148
-837,0.9871235452433037
-836,0.9929837541533715
-835,0.9990979224853844
-834,1.0069067579342397
-833,1.01073923807715
-832,1.0148724061225955
-831,1.0209757690463668
-830,1.0263860560457192
-829,1.0311404847982586
-828,1.0368736507240623
-827,1.0421992306246908
-826,1.0495651286168461
-825,1.0553392136131272
-824,1.0610837564958342
-823,1.0667373440184202
-822,1.0728337708580193
-821,1.07875613963523
-820,1.0839016929043188
-819,1.0896710141600612
-818,1.0948749814671437
-817,1.0989782161727375
-816,1.1036522499590011
-815,1.1057373562787773
-814,1.1100513927143114
-813,1.1145004013985491
-812,1.121448174504823
-811,1.125583780067142
-810,1.1276919954701907
-809,1.1314101997730868
-808,1.1341626012155026
-807,1.1393948633746152
-806,1.14384690387607
-805,1.1476723511594495
-804,1.1487702680052303
-803,1.1517909717344268
-802,1.1529535409028928
-801,1.1545939679842594
-800,1.1587934653137029
-799,1.1636589258912657
-798,1.1654670371746776
-797,1.168913102912614
-796,1.1725373517471793
-795,1.176001066763655
-794,1.1804058003792153
-793,1.1819821802232933
-792,1.1794478369258592
-791,1.1786888801983622
-790,1.1792112558661723
-789,1.181004709264822
-788,1.1809436251743575
-787,1.1816754796801974
-786,1.1823310950508437
-785,1.1818615574312865
-784,1.1790832606137702
-783,1.1814788501720117
-782,1.180306124908022
-781,1.1801702687811062
-780,1.1811537770485099
-779,1.1801038270510869
-778,1.1795597474322392
-777,1.1801220728989514
-776,1.1808797782783826
-775,1.1789550205591082
-774,1.1754692941688392
-773,1.1724962698063741
-772,1.1708226562676833
-771,1.1699739916945626
-770,1.1676154240900982
-769,1.1658301609558135
-768,1.1618021511107615
-767,1.159320201471606
-766,1.1564384331744553
-765,1.1515138411753212
-764,1.147279829321038
-763,1.1452462102857544
-762,1.141439512506989
-761,1.137374992788795
-760,1.1330433156033801
-759,1.1278014815486848
-758,1.1236552964771906
-757,1.1180810488091262
-756,1.1123991772316608
-755,1.1056615468512156
-754,1.1007488852496654
-753,1.0943854243288929
-752,1.0866278350441578
-751,1.079921657648545
-750,1.074677159285933
-749,1.0687096024891303
-748,1.0621285673263887
-747,1.058040608951607
-746,1.0516055166518574
-745,1.0441012591132808
-744,1.037067903768052
-743,1.0335050900876752
-742,1.027347212405305
-741,1.0197056369388369
-740,1.0131748771673452
-739,1.00842440059446
-738,1.0035622473392385
-737,0.995762448458899
-736,0.9878089186376631
-735,0.9799631130311166
-734,0.971388267416396
-733,0.9625835211522243
-732,0.957922612159408
-731,0.9531060922645563
-730,0.9451877217031607
-729,0.9388106876578144
-728,0.9348543702324263
-727,0.9297460645220544
-726,0.9224788133452976
-725,0.918226341268819
-724,0.9155036451592803
-723,0.91214224538023
-722,0.9055288733232687
-721,0.9010484664261914
-720,0.8970694306448097
-719,0.8952553401664252
-718,0.8908064013014917
-717,0.8873763474661882
-716,0.8861844889390493
-715,0.8844899496699948
-714,0.8837496633517719
-713,0.8830692201501021
-712,0.8808780365052343
-711,0.877083498107826
-710,0.8751852244220069
-709,0.8742965275706094
-708,0.8737319893881049
-707,0.8698643264665707
-706,0.8676035119478438
-705,0.865498466373218
-704,0.8632089793339426
-703,0.8606999334976765
-702,0.8590055887464111
-701,0.8576794938366932
-700,0.8562820885251893
-699,0.8560243409718337
-698,0.8542143760484499
-697,0.8538499035908024
-696,0.853774608359298
-695,0.85250294107582
-694,0.8543947823036415
-693,0.8551270731356383
-692,0.8559722520176452
-691,0.8599020712834807
-690,0.8613185922837853
-689,0.8632020641397263
-688,0.8652248154774462
-687,0.8663189603877505
-686,0.8686828878414418
-685,0.8715338746597012
-684,0.8760379756349954
-683,0.878258903283892
-682,0.8818208564806241
-681,0.8862287615093872
-680,0.8910920955795346
-679,0.8963261677081278
-678,0.9020305696147002
-677,0.9082645466457212
-676,0.9144087069159926
-675,0.9187688664221263
-674,0.9251083054269442
-673,0.928356289490687
-672,0.9336828567033425
-671,0.9384812774925629
-670,0.9423153446281317
-669,0.9506654503665595
-668,0.9576178833949615
-667,0.9680131813608137
-666,0.9759650580541881
-665,0.982894892403399
-664,0.9896994031409646
-663,0.9949830422313436
-662,1.003772673993623
-661,1.0133815478691786
-660,1.0196210350840074
-659,1.0268308922903624
-658,1.0339347378881465
-657,1.0392839017757893
-656,1.044147045260067
-655,1.0492971846603125
-654,1.056054435417059
-653,1.0615232936147108
-652,1.0700890569299435
-651,1.0783873188251325
-650,1.0860646809991483
-649,1.0945508912289348
-648,1.1005716768852287
-647,1.1079872711793974
-646,1.1127006778573396
-645,1.1207710270139477
-644,1.1297552804888673
-643,1.1379252141916631
-642,1.147765744529882
-641,1.1535529676312601
-640,1.1598019319944828
-639,1.1685444980286817
-638,1.175066213953365
-637,1.1807931850623787
-636,1.1878939981057564
-635,1.1954401697905652
-634,1.201496926348766
-633,1.208453325490655
-632,1.2144254318807863
-631,1.218413518017483
-630,1.2208751320364786
-629,1.224207541802696
-628,1.2280495414646058
-627,1.2323914719464362
-626,1.2369147194868995
-625,1.240308633920674
-624,1.242106089165144
-623,1.2413224286025963
-622,1.2413855372109237
-621,1.2402004197354448
-620,1.2402059034726216
-619,1.2378021394381817
-618,1.2334481497075584
-617,1.2316347848086993
-616,1.2310569424626776
-615,1.2276935383759302
-614,1.2249792356742408
-613,1.2220704607830244
-612,1.2166640101821466
-611,1.2140869930675842
-610,1.2092182453741556
-609,1.2059794865350058
-608,1.2043794418962168
-607,1.1986871530466954
-606,1.1918971455564173
-605,1.1847846310290677
-604,1.178276662530253
-603,1.1724896740763857
-602,1.167142555054275
-601,1.1621173132743174
-600,1.156234078361591
-599,1.1509301429725463
-598,1.1454372832893536
-597,1.1416311619425965
-596,1.1365276659959596
-595,1.1314505706470255
-594,1.127216744612291
-593,1.121278511316353
-592,1.1138270103844703
-591,1.1066487438043517
-590,1.0991012969846201
-589,1.0915596631733395
-588,1.0849861658466833
-587,1.0752690879343416
-586,1.067000459085553
-585,1.0605138880102016
-584,1.0536008333952591
-583,1.0467341222645163
-582,1.0385344670867844
-581,1.0288904192688677
-580,1.0196024979363525
-579,1.0127459974069566
-578,1.0051133550394433
-577,0.9980084918740076
-576,0.9889218510304643
-575,0.9795054784359424
-574,0.9678906719360881
-573,0.9565645184610667
-572,0.9471329797194599
-571,0.941762479718567
-570,0.9350147448428461
-569,0.9259348132063926
-568,0.9200759479375646
-567,0.9098801166544284
-566,0.9040825215738543
-565,0.8993960048363935
-564,0.8927129482359057
-563,0.8849431955336462
-562,0.8757263126939259
-561,0.8700192481883856
-560,0.8675841597576813
-559,0.8635531567965444
-558,0.856984799564876
-557,0.8490622855813897
-556,0.8406469462501508
-555,0.8346141288890164
-554,0.8308408661060531
-553,0.8270737607641659
-552,0.8239032745779868
-551,0.8207048857642489
-550,0.8152741355768914
-549,0.8112807267698325
-548,0.8080729565178634
-547,0.8035803575959299
-546,0.8003087209295897
-545,0.7965426771054573
-544,0.7911753814870366
-543,0.7871970318168652
-542,0.784891580611061
-541,0.7825792167269421
-540,0.7782001868180283
-539,0.7764004055333337
-538,0.7721302264592432
-537,0.7695467054026293
-536,0.7677443381067286
-535,0.7673391803988711
-534,0.7677168119547808
-533,0.7657700182042283
-532,0.7665589705320303
-531,0.7663857978965132
-530,0.7659990776554144
-529,0.7643576044479532
-528,0.7646922186767281
-527,0.7647829502861638
-526,0.7648163008114104
-525,0.7659199333428907
-524,0.767489359317083
-523,0.7712430821767514
-522,0.7749984416960141
-521,0.7752254136649791
-520,0.7769717927115238
-519,0.7795765218229891
-518,0.7800789372962469
-517,0.783004933554946
-516,0.787430840391807
-515,0.7925607913828316
-514,0.7972649732586864
-513,0.801354657898176
-512,0.8073438138703448
-511,0.8129120994049092
-510,0.8218571725840406
-509,0.8241667186084153
-508,0.8299185487205888
-507,0.8350431530774707
-506,0.8432990259683686
-505,0.852985457277603
-504,0.862819879489692
-503,0.8692216473068897
-502,0.8753605625566381
-501,0.8810413508639717
-500,0.8880944545246124
-499,0.8973176102496119
-498,0.9043740947133112
-497,0.9132456687679885
-496,0.9212513878674088
-495,0.9291257593737972
-494,0.9381127715341193
-493,0.9475176670215643
-492,0.9560071894103604
-491,0.9647761603102245
-490,0.970695536312799
-489,0.9758952802255331
-488,0.9879547455112968
-487,0.9998453073133681
-486,1.0126145851145243
-485,1.0194998943779447
-484,1.0263057585816378
-483,1.034368986987178
-482,1.0427952785914865
-481,1.0539923185873679
-480,1.0656286666127806
-479,1.0773675029463714
-478,1.0869493584213423
-477,1.0970801576640676
-476,1.1061294277852398
-475,1.1164649414108998
-474,1.1237100710234202
-473,1.1321703099699134
-472,1.1411500719046743
-471,1.149535932593909
-470,1.158608506319784
-469,1.167186575852788
-468,1.175853182287959
-467,1.1855798463435903
-466,1.1918040398600707
-465,1.1979110688096357
-464,1.2057385080303793
-463,1.2123239607074134
-462,1.2204435643436657
-461,1.230748781729784
-460,1.238395481674175
-459,1.2447478068110358
-458,1.252605075720793
-457,1.2565281394898016
-456,1.2617315873394597
-455,1.2653886069858842
-454,1.2680688805243852
-453,1.2713639929014167
-452,1.272433862210443
-451,1.2726065596002896
-450,1.273786607720703
-449,1.2757624925516104
-448,1.2795946056966523
-447,1.2766112289616347
-446,1.2732421633653093
-445,1.272688652294701
-444,1.2709109631402178
-443,1.2688801965746286
-442,1.2652195023358734
-441,1.2599471646739095
-440,1.2547587652991474
-439,1.2455029955609802
-438,1.2380102914588427
-437,1.2297797411825413
-436,1.2237763549417584
-435,1.2152993084022634
-434,1.2080383636935674
-433,1.2015196458100674
-432,1.1974749032656329
-431,1.1943872807108247
-430,1.1872397886809551
-429,1.1820750992584612
-428,1.1721506956771037
-427,1.1606087996292003
-426,1.152086830261401
-425,1.1427243535425748
-424,1.1334766302385273
-423,1.1235480731307987
-422,1.1133689966462843
-421,1.105667875827286
-420,1.0936588349335175
-419,1.0814777153669917
-418,1.072768680552723
-417,1.0617006306994132
-416,1.0498379205615933
-415,1.039610618312533
-414,1.0312980555562021
-413,1.0226117631188107
-412,1.0124886235018762
-411,0.9993232475466145
-410,0.9837916813064762
-409,0.9728662536120374
-408,0.9596024817623111
-407,0.9477129670143607
-406,0.9364172341420164
-405,0.928435782947028
-404,0.9167401840170062
-403,0.9059217558349254
-402,0.8950702752278699
-401,0.88427626969901
-400,0.8726177501352513
-399,0.8615453265838496
-398,0.8506492159113269
-397,0.840038356930141
-396,0.8301259212115928
-395,0.8226908180862696
-394,0.8134343190312558
-393,0.8061898506054149
-392,0.796344938054127
-391,0.7877539112938402
-390,0.7805699095694356
-389,0.7735503985195761
-388,0.7648325658397468
-387,0.7561030731130594
-386,0.7471010064887986
-385,0.7402829466665299
-384,0.7315160121838378
-383,0.7253467585919152
-382,0.7170636833106869
-381,0.7104499304869213
-380,0.7048620128859245
-379,0.6979235299950185
-378,0.6950048679707801
-377,0.6899720155679373
-376,0.6852832608897851
-375,0.6824112892867995
-374,0.6765237484940765
-373,0.6719444999297951
-372,0.6647953692569775
-371,0.6619695417842228
-370,0.6610516870528005
-369,0.6555611557138666
-368,0.6509670073969196
-367,0.6459630762752424
-366,0.6423400644785084
-365,0.6405025337805719
-364,0.6373362583320356
-363,0.6342373525795493
-362,0.6336730045174919
-361,0.6317130968325297
-360,0.6283465999810873
-359,0.6241463081715372
-358,0.6231806862499776
-357,0.6216544098631812
-356,0.6208742857607099
-355,0.6204433858190552
-354,0.6218827858551671
-353,0.6224016326727714
-352,0.6228956857794888
-351,0.6234076857690203
-350,0.623099696447092
-349,0.6211861412682304
-348,0.6239717669827516
-347,0.6267359426955601
-346,0.630059105604843
-345,0.6340678890682481
-344,0.6357756992062943
-343,0.6401237820388282
-342,0.6451458848071319
-341,0.6504695507211069
-340,0.6575836961104008
-339,0.665214957739497
-338,0.6731731929991085
-337,0.6802421562752426
-336,0.6855572446593965
-335,0.6936457592885531
-334,0.700710615251208
-333,0.7059608338525301
-332,0.7140246344892149
-331,0.720327736320141
-330,0.7310533285159084
-329,0.7392385762075845
-328,0.7474500778090349
-327,0.7554601295441162
-326,0.7661715651030422
-325,0.7771940812997044
-324,0.7860587308553908
-323,0.7971448174121482
-322,0.8060955424575406
-321,0.8149643572747982
-320,0.8220684084874
-319,0.8302138411059218
-318,0.8413182442283191
-317,0.850613276197204
-316,0.8612950233623548
-315,0.8721201687324008
-314,0.8836322514865682
-313,0.8962579597254247
-312,0.9080194825970552
-311,0.9189161551899451
-310,0.9301789722521581
-309,0.9408571801880339
-308,0.9514987158935054
-307,0.9637229825000572
-306,0.9759305224281908
-305,0.9863110253034434
-304,1.0003903868721247
-303,1.0149438097489172
-302,1.0278029969079026
-301,1.038608355666764
-300,1.050380388053257
-299,1.0638100826310481
-298,1.0749779361178324
-297,1.0832307854223868
-296,1.0955910731025846
-295,1.1038383455544722
-294,1.1151127227626962
-293,1.1227243619877347
-292,1.1288447071139667
-291,1.1340953411953172
-290,1.1399946902377918
-289,1.1480433556215843
-288,1.153786510121361
-287,1.1610158348556041
-286,1.1673214270799557
-285,1.1711340097604463
-284,1.1768487160235808
-283,1.1760724064127381
-282,1.174859509926647
-281,1.1756241875952431
-280,1.1787770399436
-279,1.1788130296044936
-278,1.1756396938638185
-277,1.1726014166268508
-276,1.1717945187018937
-275,1.1699838798426991
-274,1.1695757148568497
-273,1.1658290547061998
-272,1.1610489803775925
-271,1.1579244605544434
-270,1.1540997874704477
-269,1.1473434913945058
-268,1.1383949867464678
-267,1.127839565013301
-266,1.1180724162006999
-265,1.1088386748443844
-264,1.0993559028137558
-263,1.0882410625265382
-262,1.0803101323772646
-261,1.0701641987473147
-260,1.0597053219619303
-259,1.0436543319431641
-258,1.0317892622033673
-257,1.0187541978720198
-256,1.0074229749043966
-255,0.9948739407791607
-254,0.9800192816351376
-253,0.9674963598038849
-252,0.95485308480267
-251,0.9408065845374145
-250,0.927390727694785
-249,0.9125907906123291
-248,0.8985454192521969
-247,0.8869112332681477
-246,0.8776627069565998
-245,0.8664402263595186
-244,0.8511066018972899
-243,0.8370961391955496
-242,0.8206552110054371
-241,0.8049592385701276
-240,0.7922367693837968
-239,0.7776769585533917
-238,0.7675112145328796
-237,0.7547739563562986
-236,0.7436005372313553
-235,0.7325835575732609
-234,0.7199103584016786
-233,0.7076905523307416
-232,0.6939078066801778
-231,0.679313112980297
-230,0.6684712941520329
-229,0.6558080497988391
-228,0.6473344973101389
-227,0.6373522679925154
-226,0.6281268762015384
-225,0.6175600066059143
-224,0.6073743416138095
-223,0.5986126678795772
-222,0.5906449816635365
-221,0.5854364876612391
-220,0.5803931803225924
-219,0.574309806403916
-218,0.5673589370626297
-217,0.5597549521993935
-216,0.5534505268620249
-215,0.5473482296113831
-214,0.5409086840863082
-213,0.5339445655541305
-212,0.5285742853197684
-211,0.524227468522778
-210,0.520759114449365
-209,0.5166379884594622
-208,0.5128757394819866
-207,0.5084645151760471
-206,0.5052049957243204
-205,0.49875538195415375
-204,0.4913338763366961
-203,0.4863622035302132
-202,0.4820455780007332
-201,0.47704761121187034
-200,0.47206893494009716
-199,0.4668733833384111
-198,0.46573911668219053
-197,0.46226066637655905
-196,0.45862823135235353
-195,0.4555714743507433
-194,0.4511790504412979
-193,0.4464984522295211
-192,0.4430888684262386
-191,0.43973013119347165
-190,0.4365328570491823
-189,0.43116636497746147
-188,0.4253502911191146
-187,0.4192132146497471
-186,0.4132110715584589
-185,0.40711266543589736
-184,0.4036980041418595
-183,0.4022420124060554
-182,0.3982394978437627
-181,0.39539481458525455
-180,0.3924162004044581
-179,0.389666039088025
-178,0.3841639560279714
-177,0.3770071511148665
-176,0.37161749059464805
-175,0.3666389665146127
-174,0.36098074399727725
-173,0.35699747551040484
-172,0.3517022479099512
-171,0.34573380596952286
-170,0.3404793848377842
-169,0.3342323933765451
-168,0.3303201981241787
-167,0.32532213742670385
-166,0.320655114568187
-165,0.3143081061559837
-164,0.310281102770629
-163,0.3057854603499535
-162,0.2990700257152431
-161,0.29351621376120146
-160,0.2873479223544377
-159,0.2823799252947655
-158,0.2755752366212136
-157,0.2707778202135574
-156,0.2635173248615667
-155,0.25929000416191517
-154,0.2555639047113308
-153,0.25138867281878874
-152,0.24753749308875617
-151,0.24488682199666212
-150,0.24204025404504687
-149,0.23778354209493782
-148,0.23295508121519154
-147,0.22856847401056593
-146,0.2256129224065272
-145,0.22243517502537655
-144,0.22045904400883232
-143,0.21869933609561645
-142,0.2161344956027435
-141,0.21351350323607293
-140,0.2113467900509444
-139,0.20928815588317298
-138,0.20661173877969238
-137,0.20488866805741934
-136,0.20335208129614957
-135,0.20196631640456156
-134,0.19991545564678417
-133,0.19871202983469777
-132,0.19724849818699852
-131,0.1960801440275265
-130,0.19424000348215648
-129,0.19327144893644477
-128,0.19297405941336598
-127,0.1923440286804487
-126,0.19211180520243573
-125,0.19166477973817572
-124,0.192001508463214
-123,0.19181250664972
-122,0.19100762134786728
-121,0.1907275142142642
-120,0.1910231547359518
-119,0.19122090495239594
-118,0.19141630750268016
-117,0.19158742173261287
-116,0.19190473258690363
-115,0.19264245909748798
-114,0.19374052915672477
-113,0.19493343444403075
-112,0.19585407032274837
-111,0.1968641725686251
-110,0.19743717814148484
-109,0.19861789249932874
-108,0.19967286514798324
-107,0.20029844629350158
-106,0.20157577118300804
-105,0.2029255061246563
-104,0.20432684148620467
-103,0.20531085789380185
-102,0.20698942391035396
-101,0.20831963814230356
-100,0.21061241775203887
-99,0.21236578791760477
-98,0.2138642975614709
-97,0.21509470443430406
-96,0.21764142752754223
-95,0.218767698648049
-94,0.22067240641649064
-93,0.22267979753421507
-92,0.2242593225375954
-91,0.2246716458320499
-90,0.22670494228842406
-89,0.22818262117655985
-88,0.2306458819834575
-87,0.2318955399897848
-86,0.2336783255061674
-85,0.23688359333738726
-84,0.2397895113810021
-83,0.2428109203139835
-82,0.24498136865568645
-81,0.24715526497040705
-80,0.25046441677748704
-79,0.2530701995287828
-78,0.25604682096357306
-77,0.25878234907061376
-76,0.26263199152586897
-75,0.2663193598541083
-74,0.2707437934918018
-73,0.27477810746959797
-72,0.278999087894335
-71,0.2835207676688264
-70,0.2894107652303513
-69,0.29488278900439224
-68,0.3011184934775088
-67,0.30684904541469193
-66,0.3139919990770668
-65,0.32082005799582985
-64,0.32774631438165563
-63,0.33435383758271336
-62,0.34119256238972484
-61,0.3497478462407182
-60,0.3593327000608563
-59,0.3694609679680599
-58,0.3786595077678121
-57,0.38901636899537145
-56,0.4007052078268811
-55,0.4117692428988019
-54,0.42492262796187236
-53,0.4398944133928433
-52,0.4531251747257316
-51,0.46803718853135456
-50,0.4839109764909191
-49,0.5031004508648318
-48,0.5198309246181805
-47,0.5390793523617796
-46,0.5581658222374135
-45,0.5793306907470448
-44,0.6001356605357147
-43,0.6245539538889541
-42,0.6511759643533903
-41,0.6787099062246084
-40,0.7086370000120902
-39,0.7377744771255
-38,0.7682718245531066
-37,0.8029323763459874
-36,0.8384931448431513
-35,0.8754249996481465
-34,0.9147082552171277
-33,0.9559812907994788
-32,0.9977319504947045
-31,1.0468586781306484
-30,1.0949239877832189
-29,1.1452065881926135
-28,1.1998699139502478
-27,1.2612805881703286
-26,1.3204109405331756
-25,1.3838562519114925
-24,1.4491244854773166
-23,1.5197201556096864
-22,1.5935333349752496
-21,1.6678637744375897
-20,1.7451673794350007
-19,1.8201253906019095
-18,1.8975226371677751
-17,1.9777580015382794
-16,2.060741996031733
-15,2.136528028537589
-14,2.218264361247243
-13,2.301474169758734
-12,2.3769426456980534
-11,2.4524122048137
-10,2.5206928134793123
-9,2.587220679846986
-8,2.645885490037703
-7,2.690067497842467
-6,2.731420651808914
-5,2.766301139773165
-4,2.793977594443829
-3,2.812841788390328
-2,2.8246568561534477
-1,2.82306587720229
0,2.8145098908524946
1,2.7991008092953455
2,2.7748813539822366
3,2.743961445841389
4,2.701675513847062
5,2.65188823089814
6,2.606554483296071
7,2.544771567400514
8,2.4751573693295423
9,2.405268642652648
10,2.3311240504002564
11,2.2545402703171913
12,2.1726927923033124
13,2.0911508569635284
14,2.0160131047107974
15,1.9357567778006852
16,1.859603084838016
17,1.7857710881352187
18,1.712249784570983
19,1.638207038868208
20,1.5678493342113111
21,1.4987849232654378
22,1.4300701052175153
23,1.3687550731574443
24,1.3106572802686727
25,1.2563836523201213
26,1.2022791754478952
27,1.1484253013528705
28,1.1007849312463505
29,1.056252394041935
30,1.012499802300215
31,0.9714428545130726
32,0.9323408193919778
33,0.8986914631474169
34,0.8686255475906983
35,0.8368462124855564
36,0.8071211213593842
37,0.7793309207063435
38,0.7516101551726084
39,0.7268596395256216
40,0.7045914039412627
41,0.6821805614264144
42,0.6630185920978119
43,0.6450825393353499
44,0.6287932443889291
45,0.6111734912787592
46,0.5956255035987721
47,0.5812920755176706
48,0.5672892842593084
49,0.5535513170057031
50,0.5401800670661542
51,0.5295079021937553
52,0.5172045069744925
53,0.5061655284907227
54,0.4951456873726197
55,0.48512534362458914
56,0.4772509525399301
57,0.4698616525697562
58,0.4616781714551067
59,0.453923547184135
60,0.4477077666376485
61,0.4407060975279262
62,0.43515678426058735
63,0.4292368118269348
64,0.42425000765675847
65,0.41777439750100587
66,0.414141272144118
67,0.4089519976188933
68,0.40343346967209504
69,0.39955039428552686
70,0.39648665719055615
71,0.3936228069027134
72,0.38988579646045857
73,0.38849550816162476
74,0.38617079972313756
75,0.3850703814044997
76,0.3839701635810202
77,0.38262335431006245
78,0.38086898344067627
79,0.3800292925157397
80,0.37850208053618234
81,0.37660072629451846
82,0.3763335428347004
83,0.375090165171927
84,0.37483904066263735
85,0.3752784005135355
86,0.37631295421301625
87,0.3764597363604205
88,0.378694399686908
89,0.38090067661564403
90,0.38231995672569025
91,0.38438302825835374
92,0.38678082052858465
93,0.3891515659990435
94,0.39168090258579125
95,0.3954860716887048
96,0.39878866191669565
97,0.40210859166448115
98,0.4062361420750295
99,0.4112824519230566
100,0.41586730419592915
101,0.4220621094289802
102,0.4276940540711418
103,0.43269538153076614
104,0.4406045310537848
105,0.44790962782650184
106,0.4559926744704728
107,0.46423018495992496
108,0.4732896880557391
109,0.4824105241126939
110,0.49215534610561945
111,0.5016838109935374
112,0.5132248702982595
113,0.5259594087295648
114,0.5381054284878537
115,0.5501860610184537
116,0.5639676454826154
117,0.5783836193762126
118,0.5942125288925095
119,0.6107727701149498
120,0.6279191344831615
121,0.6466008498449068
122,0.6655386049258896
123,0.6887678169593225
124,0.7141169759501526
125,0.7377763986982475
126,0.7628496207301725
127,0.7885106976362335
128,0.8169781403200171
129,0.8474212543137394
130,0.8802496060233902
131,0.9122781169414861
132,0.949309714489432
133,0.9853557934002019
134,1.0223549670104644
135,1.0640211169305895
136,1.1047989737537265
137,1.1473681920458525
138,1.1921952372236615
139,1.2388887467612786
140,1.2869277643011732
141,1.3374856045455625
142,1.3915886392371728
143,1.4444626865137267
144,1.4967225452264288
145,1.5487943093364964
146,1.6030887407023422
147,1.656056146645324
148,1.70972457466248
149,1.7662181557904542
150,1.818036102056492
151,1.8694265084641335
152,1.9243666733752187
153,1.9745737632226807
154,2.0235439542991465
155,2.0735299898857202
156,2.1246007245788254
157,2.1713492062405604
158,2.214545493341935
159,2.2524070489289914
160,2.2890128843546114
161,2.3173647977483816
162,2.3399942677898817
163,2.3586698578883856
164,2.3771815943554797
165,2.395764846169096
166,2.406930054552221
167,2.411345475173433
168,2.415332078052739
169,2.4145283837702722
170,2.4038448286426286
171,2.3940024653200678
172,2.3780357210412597
173,2.355596789987487
174,2.331963930234055
175,2.303571182246295
176,2.2720652609422682
177,2.233180433925136
178,2.195488041867702
179,2.1559952527159862
180,2.1140541962757737
181,2.0682257841241656
182,2.0259919784038662
183,1.985138639083543
184,1.9410878346675713
185,1.8949481314304382
186,1.8428555818795318
187,1.794059622091651
188,1.7478442919928951
189,1.6994678515781647
190,1.6501584872211326
191,1.6020466427592894
192,1.5546505867197236
193,1.50986926967329
194,1.4666608984535667
195,1.4211438473768963
196,1.3785546705379834
197,1.3346031264232308
198,1.294589202234115
199,1.2553678941153037
200,1.2151735779602428
201,1.1796706186256325
202,1.1458210964209359
203,1.1111776209744157
204,1.0770180703878707
205,1.0426983317528942
206,1.0105401789989896
207,0.9797751807675149
208,0.9509152696604664
209,0.9242643212859483
210,0.8981807707714673
211,0.8755008405407693
212,0.854301704374055
213,0.8344263216671175
214,0.8138249403467231
215,0.7937317810697041
216,0.7777207434219708
217,0.7611722660898276
218,0.7465503395901386
219,0.7298334736499302
220,0.7143858308645411
221,0.7008590100678816
222,0.6869218631152763
223,0.6730849917091908
224,0.6621171673036403
225,0.65110893694752
226,0.6414290978877786
227,0.6316583732950807
228,0.6223567014908559
229,0.6126780204234479
230,0.6033006960646715
231,0.5966422080866942
232,0.587233345658557
233,0.5793853443488645
234,0.5699560758614277
235,0.5631121555853711
236,0.5572296169673118
237,0.5496908998541552
238,0.54437080811006
239,0.5383679629250729
240,0.5328522520529143
241,0.5284774995539216
242,0.5241949359843923
243,0.5202253920848262
244,0.5168532343249872
245,0.512201390759874
246,0.5085988622036863
247,0.5060014737880804
248,0.5022796203569001
249,0.5001939134529881
250,0.49962741481802103
251,0.4974759868499777
252,0.4939028574323282
253,0.49222362768702743
254,0.49100058500864224
255,0.491618214369925
256,0.48994658861143314
257,0.4902172070496985
258,0.4903228340879214
259,0.491552835723327
260,0.4919234326512151
261,0.4932482943759455
262,0.4947460997619565
263,0.4977394154968074
264,0.5009425301267502
265,0.5043463076111724
266,0.5072037827720783
267,0.5112378703643404
268,0.5158530719355194
269,0.5215595201946128
270,0.526848941580521
271,0.5330403564462043
272,0.5386095918975229
273,0.5474530290536963
274,0.5544349276565047
275,0.5627907330865249
276,0.5718601679810249
277,0.5818330593148494
278,0.5909347184825237
279,0.6014850468579
280,0.6121448344060447
281,0.6267856986700071
282,0.6405716872794044
283,0.6549623446067926
284,0.6690292408726914
285,0.6832501994782103
286,0.6991360313276488
287,0.7160416881517704
288,0.7332735849133293
289,0.7526203529996776
290,0.773477349776398
291,0.7937628441659299
292,0.8148933940901675
293,0.8390842732440763
294,0.8617048279991595
295,0.8886012525093974
296,0.914987973573646
297,0.9406742779787524
298,0.9683228341579077
299,0.9967394210376073
300,1.0281791515682568
301,1.0619599066761476
302,1.0951311365420662
303,1.128083860631993
304,1.1647562415140575
305,1.198636768020043
306,1.236059756286364
307,1.2717041912613232
308,1.309246025542526
309,1.3467176099149878
310,1.3858249569025407
311,1.424428087667913
312,1.465001622206213
313,1.5028747333442278
314,1.5424298546065978
315,1.5799525695049643
316,1.6161456646783188
317,1.6518329380956394
318,1.6860891875549768
319,1.7172464320286325
320,1.7518422046195323
321,1.7848931376278403
322,1.8163164785413637
323,1.8453102325405397
324,1.8743721796692228
325,1.895787388044989
326,1.920411989937166
327,1.9432320043363884
328,1.9622472878459811
329,1.978257177044052
330,1.9926172436467608
331,2.002293837099609
332,2.009613715559345
333,2.014783716555725
334,2.0180568575243503
335,2.0175950370566578
336,2.0185811645468914
337,2.0190776611272114
338,2.0124388206666826
339,2.00507414445825
340,2.0004400629961485
341,1.9858397881901824
342,1.9681882256707257
343,1.9475422963085491
344,1.9243262729281625
345,1.8991188101770438
346,1.8760655482605981
347,1.8487674756220358
348,1.8207298453945095
349,1.790785902252594
350,1.762427200666858
351,1.7353432090292722
352,1.7078119664806652
353,1.6786012104756898
354,1.6492605653411685
355,1.6170893334535663
356,1.5841685326740729
357,1.5496959864628719
358,1.5135509874716842
359,1.4823483285293741
360,1.4499763125352605
361,1.4180306594448975
362,1.3879843037272461
363,1.358111286624389
364,1.3285156916958234
365,1.298560638549518
366,1.2705461738610202
367,1.2415300355056864
368,1.215636921766569
369,1.186640645652705
370,1.1629943958097355
371,1.1385115895532307
372,1.1110584747696068
373,1.0832237596195358
374,1.0576441388369917
375,1.0324612273641987
376,1.0096372965763227
377,0.9887652775173197
378,0.9674332537268376
379,0.9470412469840681
380,0.9270422685222465
381,0.9085467748031809
382,0.8889867677857954
383,0.8706633921937901
384,0.8527784473596395
385,0.8353438786350955
386,0.8206900630006857
387,0.8057698556229997
388,0.7927287169931836
389,0.7799472025584343
390,0.7673339080205565
391,0.754284339253314
392,0.7416629090592486
393,0.7294794048441127
394,0.7190479019100462
395,0.7094977501104845
396,0.699671211415968
397,0.6920334588129731
398,0.6834007691878995
399,0.6750183831847195
400,0.6676878923728913
401,0.6605668267761098
402,0.6547062791430986
403,0.6475733788601186
404,0.6409917423033684
405,0.6346214859792915
406,0.6297267226618058
407,0.6240089688025449
408,0.6204155556715639
409,0.6143235814580739
410,0.6092698434467181
411,0.6053764854136007
412,0.6019223201737292
413,0.5979806115005772
414,0.5949947224967321
415,0.5917712401380927
416,0.589323979186051
417,0.5863181892120931
418,0.5824200117398274
419,0.5809211037612909
420,0.5811182079584755
421,0.5812846161237968
422,0.5809718800540985
423,0.5813492923045536
424,0.582360177977832
425,0.5840037089718125
426,0.585442509082581
427,0.5868075884666455
428,0.5887245420038115
429,0.5892872213951139
430,0.5940464083474293
431,0.5971621818522272
432,0.6028400371086133
433,0.6069909401805391
434,0.6118234589433151
435,0.6166777442249389
436,0.6238376192647362
437,0.6302850952690131
438,0.6364783939982409
439,0.6449512027192666
440,0.6538667500384899
441,0.6625771376952555
442,0.670489125626508
443,0.6809497454086213
444,0.6896142105642326
445,0.6994160846778502
446,0.708773451299007
447,0.7208672264755263
448,0.7355909673844876
449,0.7498871811211009
450,0.7644854943720285
451,0.7794134423438531
452,0.7928255787533686
453,0.8074397977506899
454,0.8243947174571952
455,0.8413469522208477
456,0.8586095533754095
457,0.874257074794449
458,0.8930077153029078
459,0.9152409910040396
460,0.9363594922464328
461,0.955416649747582
462,0.9750269644447888
463,0.9952105574427238
464,1.0163214618673124
465,1.0395100424685861
466,1.061705936156394
467,1.084100775763377
468,1.1086001406558528
469,1.1304637366436425
470,1.1548169042559704
471,1.1806574178962268
472,1.2047530368290889
473,1.231076162724292
474,1.256354456269576
475,1.2784278016000195
476,1.3057143264881468
477,1.332793989278862
478,1.357911233947753
479,1.3818609572605332
480,1.4032756957784962
481,1.4271745871235646
482,1.4517447330031417
483,1.4752044620845133
484,1.499238157320317
485,1.520957505806532
486,1.5401284217970017
487,1.559285998434187
488,1.5798403408693944
489,1.5958780939329276
490,1.6127419988720668
491,1.6276547978043687
492,1.6391597395405413
493,1.651622820284469
494,1.662662084070107
495,1.6705548702343065
496,1.6820410176589629
497,1.687888130329144
498,1.6913586503826126
499,1.6965986581502883
500,1.6991390961311539
501,1.7026703367449527
502,1.7009835003462348
503,1.6986573314051088
504,1.6971115858019192
505,1.6889933394904124
506,1.6805293042764935
507,1.6696523597622563
508,1.661519394913367
509,1.6513566044126455
510,1.6403787015486397
511,1.6271136730920197
512,1.6139628762259397
513,1.6028428031387973
514,1.5867601557780155
515,1.5692262662701038
516,1.5515736681653394
517,1.5323669096992216
518,1.513647105064529
519,1.4936543711530874
520,1.4737641604937806
521,1.4546227199348023
522,1.4326949372734237
523,1.4116166692787198
524,1.3889190771892928
525,1.3631686286765987
526,1.3427886566738803
527,1.321453749222827
528,1.303077011291553
529,1.2806530774382032
530,1.260018804161458
531,1.2392331747542986
532,1.2161616634234669
533,1.1948645297723561
534,1.171531876826706
535,1.1529876466579243
536,1.1331163382185314
537,1.1139806013331717
538,1.0930563060059708
539,1.0723182117137888
540,1.0551165924356
541,1.0376220027471486
542,1.0202625635424163
543,1.003403385531535
544,0.9866701235625193
545,0.9707050250217737
546,0.954745575689342
547,0.9409769475110837
548,0.9276400593400689
549,0.9123050319512884
550,0.9002980184136569
551,0.8869609387733116
552,0.8746237353506778
553,0.8631399298611793
554,0.8491784778012914
555,0.8355459199747067
556,0.8215794336446511
557,0.8125962075734174
558,0.8021145359809763
559,0.7935431741082871
560,0.7849018155386309
561,0.7767403589658042
562,0.766530712697532
563,0.7569873655781343
564,0.7471719860788113
565,0.7399965194862647
566,0.7334083735593228
567,0.7279110392968968
568,0.7210596598329712
569,0.7152032997964787
570,0.7105859296887355
571,0.7043382324762648
572,0.6988878007378211
573,0.6923600691500645
574,0.6881321995635794
575,0.6843712447313738
576,0.6821271901126181
577,0.6782684361467498
578,0.6726768096223651
579,0.6690854302961264
580,0.66681823822901
581,0.6645485701509237
582,0.6605311047703157
583,0.6596100462822453
584,0.6587907944349615
585,0.6581469315899731
586,0.6582504597453493
587,0.6569378185107707
588,0.6577975777607477
589,0.6595494022000973
590,0.6596347836958988
591,0.663704176051857
592,0.6654966153716554
593,0.6680170293565625
594,0.6739674338128049
595,0.678459008007639
596,0.6824144617962066
597,0.6874073923809886
598,0.6939242508164666
599,0.7005895133621809
600,0.7074729189297254
601,0.7139046723679253
602,0.7197019097538047
603,0.7282593965587362
604,0.7362605136176392
605,0.7427790128376267
606,0.7508951830982695
607,0.7590999523007647
608,0.7691506868027839
609,0.7786665636931603
610,0.7878145489069817
611,0.7997205132104727
612,0.8094325175812377
613,0.8200295739234185
614,0.8322180821872217
615,0.8399655929885896
616,0.8514964781921832
617,0.8650979911730217
618,0.876359325672359
619,0.8885715396022956
620,0.9041045400011015
621,0.9212056376856745
622,0.9366589665670574
623,0.9511224245252335
624,0.9627215198765934
625,0.9756249672992169
626,0.9888766791343282
627,1.003641272698697
628,1.018137330023797
629,1.0364711109567772
630,1.052871688317696
631,1.0688444249377713
632,1.083838312032145
633,1.0997786655054251
634,1.1162585233237412
635,1.1328771883264708
636,1.150580683683834
637,1.1654636729291081
638,1.181242038917216
639,1.1975223967777457
640,1.2109142140733238
641,1.2234712144975148
642,1.2365846222536505
643,1.2521709649552988
644,1.2703484033717447
645,1.2872540344483823
646,1.3038730374779002
647,1.3206317935100875
648,1.3336515300385317
649,1.349507789449613
650,1.359005105822814
651,1.3681221325387676
652,1.3789551080416615
653,1.3911188556275282
654,1.3992640522013589
655,1.4085892259845025
656,1.4144699744899407
657,1.4197756225681146
658,1.4231500147439802
659,1.4293503545486215
660,1.4313675480425077
661,1.4358443070627132
662,1.4388746528428502
663,1.4415423328558221
664,1.4394320982479172
665,1.4331993768557314
666,1.4310712211553038
667,1.4268519931293793
668,1.4228932195417774
669,1.41951416620552
670,1.4105319274288892
671,1.4037469327651018
672,1.3981673989074084
673,1.3916138276811376
674,1.3830189456198883
675,1.3755656223865627
676,1.3667266265771558
677,1.35811536511778
678,1.3505564982494276
679,1.3439779006735082
680,1.3318980781617786
681,1.3252172377004818
682,1.3154345735641182
683,1.3042678695013752
684,1.2903176782924863
685,1.2787868415748012
686,1.2672257425411904
687,1.2555084961250638
688,1.2426759784818637
689,1.2271558421011342
690,1.2161564228050896
691,1.2045901088037985
692,1.1935689587573637
693,1.18247901828598
694,1.1698284508848802
695,1.1559763568918722
696,1.1420818251607028
697,1.1288846344156036
698,1.1144250057806888
699,1.101227313498247
700,1.0889404110057297
701,1.0777535802429263
702,1.0624471853527397
703,1.0486663444632538
704,1.0358989016347717
705,1.0235009613472712
706,1.0113755523973877
707,1.0027801064459465
708,0.9901724311691366
709,0.9809299570489777
710,0.9716010486375979
711,0.960845666746705
712,0.949043360545627
713,0.9370764467941559
714,0.9257917018544948
715,0.9138290703139239
716,0.9035193749385169
717,0.8946751804699226
718,0.88639762972249
719,0.8793059247401475
720,0.8696294807158759
721,0.8618990325181215
722,0.8527354739671491
723,0.84582605783529
724,0.8388588375007222
725,0.8314711054719605
726,0.8235657679004434
727,0.8160008413690674
728,0.8076019899008727
729,0.8019195627258079
730,0.7950198925925595
731,0.7893167112564551
732,0.783500049971733
733,0.7787965639819767
734,0.7747235164253734
735,0.7692642178982926
736,0.7659810131060908
737,0.7617580728881036
738,0.757843394962001
739,0.7526177936060947
740,0.7491998968827274
741,0.7472167197003292
742,0.7433614283550225
743,0.7403549204801625
744,0.7394695298600064
745,0.7386123937672351
746,0.7367533531803957
747,0.7361258150344371
748,0.7358893958328968
749,0.7366570251615324
750,0.7383790789917053
751,0.7382566044447675
752,0.7402156146404794
753,0.7399330917605887
754,0.7416797210437471
755,0.7432321059864683
756,0.7466327461855159
757,0.7498895566134597
758,0.7540547819561689
759,0.7581877152625337
760,0.7628693725595185
761,0.768763802124867
762,0.772438485384538
763,0.7760089265007734
764,0.7817651200680829
765,0.7869278251995022
766,0.7918643150897916
767,0.7977047591761619
768,0.8040517696799586
769,0.815093482695953
770,0.8225204263287971
771,0.828844332263041
772,0.836691856515275
773,0.844402570144873
774,0.8527380359108482
775,0.8611931959639808
776,0.8700911623859341
777,0.8782517546762934
778,0.8859633017634557
779,0.8960721393548432
780,0.9052466555102816
781,0.9155852216302276
782,0.9254911249582536
783,0.9380630507422483
784,0.9519679429180927
785,0.9640776086255595
786,0.9736836317399742
787,0.9859902212594709
788,0.9998172279313943
789,1.0123028404878653
790,1.0208801394108666
791,1.0301764266862508
792,1.040509406428304
793,1.0524988619752584
794,1.0646350620942517
795,1.0781943915932861
796,1.091699758834021
797,1.1026317364839198
798,1.114727981013481
799,1.1272953429923382
800,1.1376758498317465
801,1.1502573462779642
802,1.1597685953866175
803,1.167662206086639
804,1.17707980302078
805,1.1850201666423916
806,1.193059694197182
807,1.2033182199239552
808,1.212761847344891
809,1.2198511539875105
810,1.2298263048943616
811,1.2379958147284573
812,1.2471664960087312
813,1.2541571283839659
814,1.2587349332863207
815,1.263180651835375
816,1.2689148932415113
817,1.2719702217233326
818,1.275705073426795
819,1.2789343709503114
820,1.2815636142062246
821,1.286288293125472
822,1.2859635775775364
823,1.2866260975071944
824,1.2888624626044096
825,1.285242729974809
826,1.2844726626422254
827,1.281739759972728
828,1.2816395058490233
829,1.2804363407508388
830,1.2779164374421963
831,1.2730193794651563
832,1.2686781969824947
833,1.2650165192072926
834,1.2608489062373054
835,1.25667896070969
836,1.2519771243072078
837,1.244805388933194
838,1.239729564383963
839,1.2354264072932906
840,1.230747425571305
841,1.224330478397734
842,1.2163256843613683
843,1.208281151885307
844,1.201274934070545
845,1.1935406683232759
846,1.1891874398697229
847,1.1822008662508836
848,1.1780646349398947
849,1.167195745240615
850,1.1583066785884442
851,1.149669120596677
852,1.1421016900363221
853,1.1333518793922475
854,1.1241765366298582
855,1.1166398043271053
856,1.1078781391939432
857,1.0999961370694824
858,1.0906453262561668
859,1.08071937670933
860,1.0703949340240542
861,1.061476786003988
862,1.0544453339114406
863,1.044944975259985
864,1.0387935666906092
865,1.0306515429337577
866,1.023271326096002
867,1.015159461373891
868,1.0071006350951064
869,0.99655452274861
870,0.9896339887006314
871,0.9811897052988527
872,0.9756359883409459
873,0.9683118352536898
874,0.9603396225848079
875,0.9550957082404157
876,0.9473007341533247
877,0.9428271679851054
878,0.9363442290831837
879,0.9305564206109369
880,0.9266281055729837
881,0.9230592979418855
882,0.9175579345817683
883,0.9090029659452444
884,0.9016854592505271
885,0.8966440283788135
886,0.8919409262914824
887,0.8856413007987947
888,0.8816470457983404
889,0.8777988187908986
890,0.8740844527757364
891,0.87031890056404
892,0.8664398561992989
893,0.8606252622175309
894,0.8549654251657608
895,0.8512487271546227
896,0.846804037896659
897,0.8443070444260881
898,0.8415416278235546
899,0.8398120872595707
900,0.838652472059939
901,0.8351889220414838
902,0.8310309890536846
903,0.8293109662927916
904,0.8293816597143474
905,0.827125159632746
906,0.8236085881168748
907,0.8232757590455578
908,0.8230082071131648
909,0.8202903254365879
910,0.8189729079231682
911,0.8203159493133565
912,0.8206906926086365
913,0.8204364254381356
914,0.8222159901101809
915,0.8231132917164794
916,0.8247664998984424
917,0.825223871047066
918,0.8270646087882295
919,0.8273987690191785
920,0.828875610338833
921,0.8297127736155218
922,0.8308369171500746
923,0.8335402608497716
924,0.8354467279747989
925,0.8383878726739017
926,0.8449148971314394
927,0.8484494039775812
928,0.8512426259323984
929,0.8562342166136183
930,0.8618566490544268
931,0.8664795128027322
932,0.8693254021371238
933,0.873838681107813
934,0.8799965854022052
935,0.8842321377259003
936,0.8901164331340453
937,0.8971328161510556
938,0.90276355503197
939,0.9088850169388634
940,0.9162592015002649
941,0.9208766546817629
942,0.9266298103103966
943,0.9350719727280269
944,0.9413309786710156
945,0.9476639038419563
946,0.9533937721243848
947,0.9591632204318112
948,0.9684511262432115
949,0.9774808181753376
950,0.981284831735824
951,0.9885016629155468
952,0.9954335034523928
953,1.0035756583078623
954,1.0126268613342815
955,1.0196161389696667
956,1.0284767242711688
957,1.0355226281898589
958,1.0433430742650276
959,1.0504662753038607
960,1.0557882651842245
961,1.0615059368158455
962,1.067290635211938
963,1.0732088461666431
964,1.0782815968418362
965,1.0847448543504175
966,1.092274029395231
967,1.0982062020584487
968,1.1026973995463534
969,1.105643497986343
970,1.1090030768484984
971,1.1176657852309864
972,1.1222128128124613
973,1.1270006363226028
974,1.1302050814951379
975,1.1320033946686447
976,1.1348678948006363
977,1.136178771122554
978,1.1406122297218528
979,1.1423339972380753
980,1.1437233961277613
981,1.1475025076940948
982,1.1481042606312852
983,1.1520730187686925
984,1.1514880928847406
985,1.1509981826941507
986,1.1521086017779636
987,1.1530154466661457
988,1.1525700963506165
989,1.1541597772347536
990,1.154007148858128
991,1.1522621210256379
992,1.1509754442977806
993,1.1506688608626332
994,1.1496217754963307
995,1.1438727935395288
996,1.1422802686573397
997,1.1379484956827168
998,1.1523695855381944
999,1.1379077390306278
1000,1.1270696989588256
